{"cameraMode":{"drawMode":0,"name":"Shaded","section":"Shading Mode"},"sceneLighting":true,"audioPlay":false,"sceneViewState":{"m_AlwaysRefresh":false,"showFog":true,"showSkybox":true,"showFlares":true,"showImageEffects":true,"showParticleSystems":true,"showVisualEffectGraphs":true,"m_FxEnabled":true},"in2DMode":false,"pivot":{"x":544.6544189453125,"y":985.26611328125,"z":0.2089691162109375},"rotation":{"x":-0.13337808847427369,"y":0.022294744849205018,"z":-0.0029987823218107225,"w":-0.9908173084259033},"size":808.3482666015625,"orthographic":false}