{"cameraMode":{"drawMode":0,"name":"Shaded","section":"Shading Mode"},"sceneLighting":true,"audioPlay":false,"sceneViewState":{"m_AlwaysRefresh":false,"showFog":true,"showSkybox":true,"showFlares":true,"showImageEffects":true,"showParticleSystems":true,"showVisualEffectGraphs":true,"m_FxEnabled":true},"in2DMode":false,"pivot":{"x":0.21190673112869264,"y":0.7972471117973328,"z":-20.269031524658204},"rotation":{"x":-0.12518872320652009,"y":-0.8434571027755737,"z":0.2236676812171936,"w":-0.4721219539642334},"size":0.6441338658332825,"orthographic":false}